Season,Consumption(m3)
Winter,44547.14286
Spring,57676.57143
Summer,81889.42857
Autumn,66454.14286