Year,Consumption(kWh)
2013,1749.240243
2014,1779.677172
2015,1824.056101
2016,1728.775311
2017,1797.537583
2018,1608.090764
2019,1522.904152
2020,986.8412762
2021,406.3962069