Year,Consumption(m3)
2013,43.34945005
2014,42.26618399
2015,44.39991986
2016,52.95069627
2017,50.27449676
2018,46.92223095
2019,42.5577043
